0,Pending,21.05
1,Declined,41.2
2,Paid,36.6
3,Declined,11.599999999999998
4,Pending,24.75
5,Pending,54.5
6,Pending,66.2
7,Paid,13.56
8,Paid,22.49
9,Paid,43.09
10,Paid,7.5
11,Paid,14.879999999999999
12,Paid,18.54
13,Declined,60.7
14,Paid,31.46
15,Paid,53.78
16,Pending,48.93
17,Declined,116.38999999999999
18,Declined,61.6
19,Declined,20.5
20,Pending,105.55
21,Paid,79.38999999999999
22,Paid,69.61
23,Declined,5.0
24,Declined,20.83
25,Declined,0.42
26,Pending,40.650000000000006
27,Pending,39.31
28,Declined,208.05
29,Pending,21.64
30,Declined,40.2
31,Paid,125.28999999999999
32,Declined,37.98
33,Paid,47.96
34,Paid,36.3
35,Declined,7.5600000000000005
36,Paid,34.65
37,Paid,260.73
38,Paid,218.48
39,Paid,60.75
40,Declined,31.25
41,Declined,97.66999999999999
42,Declined,41.45
43,Pending,1.3
44,Paid,40.839999999999996
45,Pending,19.77
46,Pending,55.15
47,Paid,15.25
48,Pending,10.100000000000001
49,Declined,43.510000000000005
50,Paid,55.66000000000001
51,Paid,17.9
52,Pending,7.67
53,Declined,11.82
54,Declined,41.77
55,Paid,26.379999999999995
56,Pending,3.26
57,Paid,21.28
58,Pending,32.1
59,Pending,32.05
60,Pending,52.19
61,Declined,7.16
62,Declined,16.55
63,Declined,28.37
64,Paid,21.72
65,Pending,40.16
66,Paid,39.8
67,Declined,25.65
68,Paid,5.43
69,Declined,36.22
70,Paid,63.17999999999999
71,Paid,4.2
72,Paid,17.95
73,Pending,27.06
74,Paid,16.54
75,Paid,71.08999999999999
76,Paid,61.62
77,Pending,40.36
78,Paid,5.1
79,Paid,44.129999999999995
80,Pending,77.32
81,Pending,16.5
82,Paid,4.25
83,Declined,5.9
84,Paid,40.019999999999996
85,Declined,10.469999999999999
86,Declined,10.930000000000001
87,Paid,25.31
88,Pending,38.05
89,Pending,43.46
90,Declined,17.91
91,Paid,47.629999999999995
92,Paid,41.81
93,Declined,51.06
94,Declined,46.160000000000004
95,Paid,17.7
96,Pending,54.42999999999999
97,Declined,4.65
98,Paid,44.46
99,Declined,22.28
100,Pending,1.67
101,Declined,14.2
102,Paid,21.4
103,Pending,76.5
104,Pending,30.65
105,Pending,71.86
106,Pending,21.03
107,Paid,81.18
108,Pending,12.96
109,Pending,23.6
110,Pending,28.51
111,Paid,52.31999999999999
112,Pending,27.0
113,Paid,181.41
114,Pending,2.1
115,Pending,28.36
116,Declined,69.7
117,Declined,9.959999999999999
118,Paid,18.339999999999996
119,Pending,52.56999999999999
120,Paid,35.2
121,Paid,73.0
122,Paid,73.99
123,Pending,57.11
124,Declined,42.64
125,Pending,55.74
126,Declined,14.96
127,Paid,4.2
128,Pending,66.56
129,Declined,10.12
130,Declined,46.650000000000006
131,Declined,7.93
132,Pending,56.44
133,Declined,35.599999999999994
134,Pending,26.07
135,Paid,43.19
136,Pending,25.620000000000005
137,Declined,7.199999999999999
138,Declined,120.27000000000001
139,Pending,86.5
140,Paid,37.449999999999996
141,Declined,74.83999999999999
142,Declined,31.270000000000003
143,Paid,20.9
144,Paid,106.58999999999999
145,Declined,5.45
146,Paid,56.04
147,Declined,16.15
148,Pending,19.84
149,Paid,43.76
150,Pending,11.85
151,Pending,47.36000000000001
152,Declined,47.8
153,Declined,32.68
154,Paid,8.850000000000001
155,Paid,57.61000000000001
156,Pending,6.35
157,Paid,69.14
158,Pending,47.599999999999994
159,Declined,6.52
160,Paid,26.99
161,Declined,38.25
162,Paid,8.25
163,Declined,103.94999999999999
164,Declined,23.1
165,Declined,36.0
166,Pending,12.600000000000001
167,Paid,52.94
168,Declined,8.850000000000001
169,Pending,41.13
170,Paid,61.53
171,Paid,3.35
172,Paid,87.59
173,Pending,44.230000000000004
174,Declined,4.95
175,Pending,161.48
176,Paid,20.8
177,Pending,41.36
178,Pending,51.31
179,Pending,17.3
180,Declined,47.58
181,Declined,30.240000000000002
182,Paid,86.12
183,Declined,6.25
184,Paid,33.9
185,Declined,2.52
186,Declined,14.46
187,Paid,18.21
188,Pending,4.25
189,Declined,13.299999999999999
190,Declined,35.58
191,Pending,35.97
192,Pending,11.95
193,Paid,106.84
194,Pending,56.79
195,Paid,39.71
196,Paid,32.849999999999994
197,Declined,18.550000000000004
198,Pending,37.3
199,Declined,3.75
200,Pending,47.96
201,Pending,41.74
202,Pending,15.040000000000001
203,Declined,22.73
204,Declined,13.26
205,Paid,39.72
206,Declined,27.35
207,Paid,57.64
208,Paid,7.1
209,Pending,63.95
210,Declined,27.400000000000002
211,Pending,62.62
212,Pending,50.8
213,Pending,19.869999999999997
214,Declined,41.87
215,Declined,31.5
216,Pending,18.9
217,Paid,1336.5
218,Paid,18.9
219,Declined,23.040000000000003
220,Paid,20.84
221,Paid,6.449999999999999
222,Paid,1.7
223,Paid,71.1
224,Declined,7.95
225,Paid,17.4
226,Paid,0.43
227,Declined,103.74000000000001
228,Pending,4.96
229,Pending,15.7
230,Pending,38.550000000000004
231,Declined,29.61
232,Paid,18.13
233,Declined,47.88
234,Declined,63.69
235,Declined,12.62
236,Paid,80.64999999999999
237,Declined,50.71
238,Paid,10.2
239,Declined,45.129999999999995
240,Declined,21.58
241,Paid,81.77999999999999
242,Pending,1.68
243,Declined,70.02000000000001
244,Declined,345.55
245,Paid,30.599999999999998
246,Pending,28.669999999999998
247,Paid,32.599999999999994
248,Declined,39.56
249,Paid,25.3
250,Paid,42.15
251,Pending,14.7
252,Pending,5.93
253,Declined,40.35
254,Pending,55.25
255,Pending,31.35
256,Declined,38.7
257,Declined,26.669999999999998
258,Declined,33.489999999999995
259,Declined,1.7
260,Paid,12.75
261,Pending,39.75
262,Paid,17.63
263,Declined,34.129999999999995
264,Pending,2.95
265,Pending,52.53
266,Pending,6.35
267,Declined,65.85
268,Paid,11.96
269,Paid,27.2
270,Pending,40.61
271,Declined,24.75
272,Declined,26.43
273,Declined,3.75
274,Declined,44.08
275,Paid,27.35
276,Declined,28.950000000000003
277,Declined,568.9200000000001
278,Paid,22.43
279,Paid,51.0
280,Declined,47.34
281,Pending,22.47
282,Paid,13.27
283,Pending,121.78
284,Paid,41.65
285,Pending,0.85
286,Pending,5.799999999999999
287,Declined,2.5
288,Pending,36.09
289,Paid,38.160000000000004
290,Paid,48.86
291,Paid,2.5
292,Declined,56.3
293,Paid,10.759999999999998
294,Declined,8.4
295,Pending,16.799999999999997
296,Paid,25.060000000000002
297,Pending,19.1
298,Declined,42.85
299,Paid,20.240000000000002
300,Pending,28.25
301,Paid,78.47999999999999
302,Declined,36.5
303,Pending,35.370000000000005
304,Pending,49.96
305,Pending,37.93
306,Declined,34.13999999999999
307,Declined,179.95
308,Paid,34.49
309,Pending,67.72
310,Paid,23.64
311,Pending,36.8
312,Paid,10.35
313,Paid,15.9
314,Declined,45.82
315,Declined,2.56
316,Declined,16.95
317,Pending,57.03
318,Declined,5.4
319,Pending,11.64
320,Declined,15.450000000000001
321,Declined,8.790000000000001
322,Declined,1496.3400000000001
323,Pending,73.72
324,Declined,53.400000000000006
325,Declined,50.910000000000004
326,Declined,32.46
327,Pending,101.22
328,Paid,51.919999999999995
329,Paid,22.32
330,Paid,44.32
331,Declined,17.0
332,Declined,159.95
333,Pending,40.15
334,Pending,4.25
335,Declined,0.55
336,Pending,73.89
337,Pending,34.43
338,Paid,42.6
339,Declined,43.98
340,Paid,5.8500000000000005
341,Paid,118.85
342,Declined,32.269999999999996
343,Declined,17.75
344,Paid,132.89999999999998
345,Declined,20.04
346,Pending,40.059999999999995
347,Paid,12.36
348,Paid,93.55
349,Paid,60.709999999999994
350,Paid,6.75
351,Pending,40.56
352,Declined,72.55
353,Pending,45.75
354,Declined,42.27
355,Pending,46.31
356,Declined,37.15
357,Paid,2.32
358,Pending,108.8
359,Paid,1.7
360,Paid,53.9
361,Declined,7.459999999999999
362,Paid,34.0
363,Paid,26.03
364,Declined,44.92
365,Pending,86.16000000000001
366,Paid,12.549999999999999
367,Declined,83.34
368,Pending,53.79
369,Pending,22.07
370,Pending,65.92
371,Pending,47.76
372,Declined,50.349999999999994
373,Declined,10.379999999999999
374,Declined,18.92
375,Paid,48.84
376,Declined,51.34
377,Pending,54.12
378,Pending,62.05
379,Declined,48.47
380,Declined,35.88
381,Paid,86.82000000000002
382,Pending,84.66999999999999
383,Pending,14.959999999999999
384,Paid,53.3
385,Declined,48.88
386,Paid,0.84
387,Pending,0.84
388,Pending,32.71
389,Pending,25.44
390,Paid,70.27
391,Declined,25.78
392,Paid,18.299999999999997
393,Declined,21.25
394,Pending,4.62
395,Declined,58.7
396,Paid,86.86
397,Pending,20.83
398,Declined,131.73000000000002
399,Declined,34.71
400,Declined,0.84
401,Declined,4.95
402,Pending,19.53
403,Declined,50.089999999999996
404,Declined,1457.7900000000002
405,Paid,83.3
406,Declined,82.5
407,Paid,7.38
408,Paid,33.46
409,Declined,26.73
410,Declined,11.0
411,Pending,61.18
412,Pending,5.45
413,Pending,11.16
414,Pending,53.65
415,Paid,1.25
416,Pending,91.66999999999999
417,Declined,8.25
418,Declined,232.63000000000002
419,Pending,12.21
420,Paid,96.06
421,Pending,35.989999999999995
422,Pending,20.0
423,Paid,54.269999999999996
424,Declined,7.2
425,Pending,59.36
426,Paid,42.5
427,Declined,50.95
428,Pending,14.850000000000001
429,Paid,2.55
430,Declined,72.83
431,Declined,38.32000000000001
432,Pending,8.1
433,Pending,70.56
434,Pending,2.1
435,Paid,8.25
436,Declined,30.35
437,Pending,51.0
438,Pending,157.95
439,Declined,98.65
440,Declined,103.39999999999999
441,Declined,156.21
442,Declined,43.190000000000005
443,Declined,42.62
444,Declined,21.79
445,Paid,25.92
446,Paid,7.529999999999999
447,Pending,21.05
448,Declined,3.75
449,Declined,32.67
450,Pending,26.11
451,Declined,56.6
452,Declined,8.25
453,Pending,70.91
454,Paid,48.35
455,Paid,228.23000000000002
456,Paid,9.9
457,Paid,39.540000000000006
458,Paid,82.65
459,Declined,74.63
460,Paid,72.3
461,Pending,74.54
462,Paid,31.25
463,Declined,17.830000000000002
464,Paid,12.899999999999999
465,Paid,62.96999999999999
466,Declined,15.25
467,Pending,7.199999999999999
468,Pending,15.0
469,Paid,0.84
470,Paid,22.1
471,Pending,18.57
472,Declined,25.4
473,Pending,36.629999999999995
474,Declined,22.759999999999998
475,Pending,31.65
476,Paid,5.79
477,Declined,9.84
478,Paid,71.14
479,Pending,7.65
480,Paid,44.21
481,Paid,25.5
482,Pending,7.6499999999999995
483,Pending,24.64
484,Pending,9.129999999999999
485,Declined,48.39
486,Pending,12.2
487,Pending,61.769999999999996
488,Declined,61.2
489,Paid,26.48
490,Pending,11.879999999999999
491,Pending,42.75
492,Declined,13.07
493,Declined,12.2
494,Paid,15.24
495,Pending,37.57
496,Declined,23.83
497,Pending,38.32
498,Pending,46.349999999999994
499,Declined,79.32999999999998
500,Pending,45.66
501,Declined,28.799999999999997
502,Declined,38.25
503,Declined,50.08
504,Paid,24.89
505,Declined,18.36
506,Paid,92.94999999999999
507,Declined,5.0
508,Paid,26.35
509,Pending,16.52
510,Pending,31.25
511,Pending,8.379999999999999
512,Paid,21.049999999999997
513,Declined,4.92
514,Pending,42.559999999999995
515,Paid,16.96
516,Declined,4.989999999999999
517,Pending,94.61
518,Declined,40.23
519,Declined,149.87
520,Declined,2.9
521,Paid,48.45
522,Declined,18.909999999999997
523,Pending,28.68
524,Paid,12.0
525,Declined,44.510000000000005
526,Paid,18.48
527,Declined,12.39
528,Declined,56.720000000000006
529,Pending,17.73
530,Declined,108.96
531,Declined,8.32
532,Pending,23.59
533,Pending,17.99
534,Paid,2.13
535,Declined,51.83
536,Declined,1.26
537,Declined,27.44
538,Pending,47.22
539,Paid,12.600000000000001
540,Declined,11.24
541,Declined,35.8
542,Declined,72.36
543,Paid,4.59
544,Declined,43.11
545,Pending,48.75
546,Pending,15.0
547,Pending,76.89
548,Declined,34.18000000000001
549,Paid,108.89
550,Pending,48.79
551,Paid,8.33
552,Pending,55.34
553,Declined,5.0
554,Pending,12.08
555,Pending,8.299999999999999
556,Declined,29.01
557,Pending,43.28
558,Paid,118.97
559,Declined,10.08
560,Declined,39.94
561,Pending,68.07
562,Pending,59.02
563,Paid,44.75
564,Declined,64.11
565,Pending,113.89999999999999
566,Pending,34.25
567,Declined,42.54
568,Pending,57.05
569,Declined,25.759999999999998
570,Paid,14.0
571,Pending,27.25
572,Paid,8.469999999999999
573,Pending,35.29
574,Declined,7.1
575,Pending,49.98
576,Pending,52.28999999999999
577,Pending,22.799999999999997
578,Pending,82.88
579,Paid,4.949999999999999
580,Declined,41.629999999999995
581,Paid,13.25
582,Pending,67.8
583,Pending,4.25
584,Declined,57.79
585,Declined,28.900000000000002
586,Paid,19.849999999999998
587,Pending,14.879999999999999
588,Paid,80.24000000000001
589,Pending,24.259999999999998
590,Declined,75.34000000000002
591,Declined,7.97
592,Pending,94.89999999999999
593,Pending,43.75
594,Pending,24.369999999999997
595,Paid,14.92
596,Paid,32.37
597,Paid,54.09
598,Paid,16.029999999999998
599,Paid,4.1499999999999995
600,Pending,15.58
601,Declined,6.209999999999999
602,Declined,61.650000000000006
603,Pending,68.68
604,Pending,58.800000000000004
605,Pending,8.299999999999999
606,Declined,25.410000000000004
607,Pending,7.5
608,Paid,14.75
609,Paid,46.809999999999995
610,Declined,19.57
611,Pending,76.77000000000001
612,Paid,2.55
613,Pending,44.21
614,Pending,217.88
615,Declined,26.53
616,Paid,36.54
617,Paid,2.95
618,Declined,6.300000000000001
619,Declined,28.44
620,Pending,69.41
621,Pending,4640.59
622,Declined,4.65
623,Pending,5.85
624,Pending,48.85
625,Pending,16.22
626,Paid,44.93
627,Declined,16.2
628,Pending,61.949999999999996
629,Pending,15.0
630,Pending,300.19
631,Pending,9.94
632,Pending,644.7
633,Pending,10.8
634,Pending,31.73
635,Paid,18.71
636,Pending,4.949999999999999
637,Declined,68.85000000000001
638,Paid,14.75
639,Declined,9.75
640,Pending,17.979999999999997
641,Declined,56.33
642,Declined,53.150000000000006
643,Paid,66.62
644,Paid,1.7
645,Declined,22.459999999999997
646,Pending,23.19
647,Declined,2.51
648,Paid,90.06
649,Declined,14.17
650,Paid,5.02
651,Declined,2.95
652,Pending,53.96
653,Pending,33.06
654,Pending,54.449999999999996
655,Paid,27.06
656,Pending,19.07
657,Pending,40.75
658,Pending,33.8
659,Paid,17.15
660,Pending,35.7
661,Paid,3.36
662,Declined,53.84
663,Paid,40.68
664,Pending,28.02
665,Pending,35.0
666,Declined,23.85
667,Pending,53.730000000000004
668,Declined,2.5
669,Paid,28.779999999999998
670,Pending,63.59
671,Pending,18.45
672,Pending,74.56
673,Declined,27.0
674,Declined,14.09
675,Pending,138.18
676,Pending,29.31
677,Paid,87.24000000000001
678,Declined,8.32
679,Pending,46.52
680,Declined,57.39999999999999
681,Pending,35.95
682,Paid,26.68
683,Paid,40.21
684,Declined,2.55
685,Pending,51.22
686,Paid,23.509999999999998
687,Declined,18.95
688,Paid,19.0
689,Declined,66.35
690,Pending,10.54
691,Pending,93.68
692,Paid,50.0
693,Pending,30.74
694,Paid,38.0
695,Declined,56.45
696,Paid,32.81999999999999
697,Pending,90.32
698,Paid,16.74
699,Paid,76.45
700,Pending,28.64
701,Declined,14.319999999999999
702,Paid,18.009999999999998
703,Paid,14.62
704,Pending,52.62
705,Paid,15.87
706,Declined,37.25
707,Declined,13.96
708,Paid,11.42
709,Declined,57.31
710,Declined,17.709999999999997
711,Pending,37.08
712,Paid,53.5
713,Pending,51.75
714,Paid,17.71
715,Paid,34.16
716,Pending,2.9
717,Declined,16.35
718,Pending,69.33999999999999
719,Declined,7.51
720,Paid,32.160000000000004
721,Declined,43.78
722,Paid,82.19
723,Declined,11.25
724,Pending,46.08
725,Declined,47.48
726,Pending,56.849999999999994
727,Paid,65.69
728,Pending,90.15
729,Declined,75.0
730,Pending,34.589999999999996
731,Paid,24.1
732,Pending,63.25
733,Pending,63.61
734,Paid,25.89
735,Pending,1.9500000000000002
736,Paid,31.869999999999997
737,Pending,40.599999999999994
738,Pending,48.88
739,Paid,66.07
740,Declined,30.11
741,Paid,42.44
742,Declined,20.65
743,Declined,5.0
744,Declined,17.700000000000003
745,Pending,102.39
746,Declined,65.43
747,Paid,16.05
748,Pending,73.57
749,Declined,3.9
750,Paid,14.1
751,Declined,4.1499999999999995
752,Declined,12.35
753,Paid,41.81
754,Paid,36.559999999999995
755,Declined,146.62
756,Paid,77.8
757,Declined,33.06
758,Pending,17.85
759,Declined,6.85
760,Pending,16.64
761,Pending,95.84
762,Pending,59.03
763,Pending,69.36
764,Declined,5.95
765,Pending,12.989999999999998
766,Paid,22.37
767,Pending,13.999999999999998
768,Pending,4.55
769,Declined,17.66
770,Declined,48.66
771,Pending,16.12
772,Paid,62.18
773,Declined,66.19
774,Declined,6.1499999999999995
775,Pending,39.75
776,Declined,20.85
777,Paid,26.47
778,Pending,10.52
779,Paid,6.25
780,Paid,23.369999999999997
781,Declined,41.55
782,Paid,44.0
783,Declined,34.41
784,Declined,28.45
785,Paid,43.11000000000001
786,Declined,2.1
787,Pending,4.949999999999999
788,Declined,50.45
789,Declined,13.2
790,Declined,2.15
791,Pending,39.42
792,Declined,27.869999999999997
793,Declined,53.209999999999994
794,Pending,1.7
795,Pending,16.0
796,Paid,7.529999999999999
797,Pending,10.040000000000001
798,Paid,17.5
799,Declined,17.42
800,Declined,29.22
801,Declined,109.21
802,Paid,3.38
803,Declined,4.9799999999999995
804,Declined,50.42999999999999
805,Paid,12.649999999999999
806,Pending,20.86
807,Pending,83.7
808,Paid,19.140000000000004
809,Pending,16.46
810,Declined,38.1
811,Pending,10.9
812,Pending,8.850000000000001
813,Paid,25.5
814,Pending,21.770000000000003
815,Declined,11.52
816,Declined,6.64
817,Paid,28.28
818,Paid,41.7
819,Paid,100.09
820,Paid,51.0
821,Paid,26.65
822,Declined,71.3
823,Pending,18.15
824,Pending,1.9500000000000002
825,Paid,36.99
826,Pending,44.64
827,Pending,5.550000000000001
828,Paid,43.89000000000001
829,Paid,13.34
830,Paid,47.550000000000004
831,Declined,3.4
832,Paid,25.8
833,Declined,24.5
834,Pending,13.8
835,Declined,16.2
836,Pending,65.58
837,Pending,62.04
838,Paid,9.33
839,Pending,29.42
840,Paid,41.150000000000006
841,Declined,19.229999999999997
842,Pending,0.19
843,Paid,6.04
844,Declined,34.14
845,Declined,19.98
846,Pending,16.79
847,Declined,13.5
848,Pending,70.80999999999999
849,Pending,44.05
850,Paid,58.55
851,Paid,23.16
852,Paid,14.31
853,Pending,35.75
854,Pending,42.9
855,Declined,74.59
856,Declined,31.94
857,Declined,11.8
858,Declined,46.35
859,Declined,21.4
860,Pending,17.65
861,Declined,102.68
862,Paid,46.71
863,Declined,28.560000000000002
864,Pending,1.63
865,Pending,3.32
866,Paid,38.519999999999996
867,Pending,50.58
868,Pending,6.25
869,Paid,67.44
870,Paid,14.649999999999999
871,Paid,18.42
872,Paid,40.62
873,Declined,46.55
874,Paid,2.75
875,Declined,151.66
876,Paid,50.150000000000006
877,Paid,11.52
878,Paid,35.4
879,Pending,36.81
880,Declined,49.14
881,Declined,39.06
882,Pending,44.39
883,Pending,58.0
884,Paid,17.900000000000002
885,Pending,49.17999999999999
886,Paid,6.25
887,Declined,37.69
888,Paid,29.7
889,Paid,0.85
890,Paid,1.65
891,Paid,63.25
892,Pending,34.5
893,Pending,65.77
894,Pending,45.7
895,Paid,77.7
896,Paid,8.64
897,Pending,23.46
898,Declined,26.050000000000004
899,Declined,11.25
900,Paid,27.0
901,Paid,24.95
902,Paid,18.38
903,Declined,32.3
904,Pending,65.0
905,Declined,60.589999999999996
906,Pending,21.400000000000002
907,Declined,2.1
908,Paid,35.36
909,Declined,53.53
910,Paid,43.19
911,Declined,72.21
912,Pending,36.68
913,Declined,33.72
914,Declined,2.95
915,Declined,59.94
916,Paid,7.9
917,Pending,36.52
918,Declined,17.43
919,Declined,115.2
920,Paid,12.25
921,Pending,83.25
922,Paid,47.8
923,Paid,59.339999999999996
924,Declined,112.22
925,Paid,43.5
926,Paid,35.8
927,Declined,4.2
928,Pending,33.0
929,Pending,77.91
930,Pending,16.32
931,Declined,3.4
932,Paid,7.88
933,Paid,13.05
934,Paid,12.79
935,Paid,34.95
936,Declined,23.799999999999997
937,Paid,3.99
938,Declined,16.5
939,Declined,47.75
940,Paid,16.349999999999998
941,Declined,24.33
942,Declined,88.67
943,Pending,42.08
944,Declined,0.42
945,Paid,23.750000000000004
946,Paid,37.8
947,Paid,19.86
948,Pending,72.5
949,Paid,45.34
950,Declined,39.56999999999999
951,Paid,34.44
952,Declined,16.65
953,Paid,121.59
954,Declined,19.080000000000002
955,Declined,40.72
956,Declined,87.25
957,Paid,1.7
958,Pending,316.59999999999997
959,Declined,14.7
960,Declined,610.65
961,Paid,122.21000000000001
962,Pending,25.35
963,Pending,34.41
964,Declined,28.770000000000003
965,Paid,27.549999999999997
966,Paid,35.61
967,Pending,95.91
968,Declined,34.22
969,Declined,42.05
970,Pending,24.9
971,Declined,2.51
972,Declined,51.72
973,Paid,27.630000000000003
974,Declined,13.96
975,Pending,24.72
976,Paid,2.16
977,Paid,18.86
978,Pending,34.44
979,Declined,11.129999999999999
980,Paid,14.059999999999999
981,Declined,35.12
982,Paid,13.34
983,Pending,16.650000000000002
984,Paid,34.72
985,Pending,124.56
986,Pending,8.299999999999999
987,Pending,29.24
988,Declined,8.32
989,Paid,3.75
990,Pending,107.12
991,Declined,20.65
992,Declined,28.799999999999997
993,Pending,95.27
994,Paid,38.629999999999995
995,Pending,43.55
996,Pending,3.75
997,Declined,29.66
998,Pending,31.45
999,Declined,34.85
1000,Paid,9.46
1001,Pending,10.08
1002,Paid,100.63
1003,Paid,44.900000000000006
1004,Declined,151.79999999999998
1005,Paid,198.65
1006,Declined,40.61
1007,Pending,22.36
1008,Pending,7.5
1009,Declined,66.2
1010,Pending,121.35
1011,Paid,0.84
1012,Paid,28.64
1013,Paid,6.6
1014,Pending,13.279999999999998
1015,Paid,3.95
1016,Pending,39.050000000000004
1017,Paid,41.38
1018,Paid,14.23
1019,Pending,44.970000000000006
1020,Paid,34.01
1021,Paid,3.55
1022,Paid,20.98
1023,Declined,25.61
1024,Declined,24.0
1025,Paid,64.82
1026,Pending,27.22
1027,Paid,43.51
1028,Pending,38.839999999999996
1029,Declined,9.84
1030,Declined,25.71
1031,Declined,6.4
1032,Paid,62.900000000000006
1033,Paid,45.23
1034,Pending,29.93
1035,Declined,5.9
1036,Declined,83.64999999999999
1037,Paid,53.06
1038,Pending,89.97
1039,Declined,421.64000000000004
1040,Declined,7.549999999999999
1041,Paid,53939.06
1042,Paid,9.67
1043,Pending,0.84
1044,Declined,17.52
1045,Paid,79.16
1046,Declined,22.45
1047,Paid,17.88
1048,Pending,2.5
1049,Pending,49.74999999999999
1050,Pending,48.21999999999999
1051,Paid,27.43
1052,Declined,63.45
1053,Paid,5.45
1054,Paid,26.409999999999997
1055,Paid,10.74
1056,Paid,32.46
1057,Pending,19.18
1058,Paid,1.9500000000000002
1059,Paid,50.5
1060,Paid,22.38
1061,Paid,9.67
1062,Pending,14.43
1063,Declined,22.909999999999997
1064,Declined,172.21
1065,Declined,22.25
1066,Paid,7.6499999999999995
1067,Paid,1.25
1068,Declined,29.89
1069,Declined,49.85
1070,Paid,30.97
1071,Pending,41.55
1072,Paid,0.65
1073,Pending,15.4
1074,Paid,70.32000000000001
1075,Paid,0.85
1076,Pending,105.02
1077,Pending,1.7
1078,Paid,67.8
1079,Pending,31.63
1080,Paid,42.260000000000005
1081,Declined,23.85
1082,Declined,57.470000000000006
1083,Pending,9.6
1084,Declined,44.57000000000001
1085,Pending,45.26
1086,Pending,69.11
1087,Pending,32.199999999999996
1088,Pending,20.900000000000006
1089,Declined,62.67
1090,Pending,53.11
1091,Declined,5.0
1092,Paid,9.92
1093,Declined,81.79
1094,Declined,61.949999999999996
1095,Paid,61.4
1096,Declined,23.64
1097,Declined,47.9
1098,Pending,8.25
1099,Declined,25.55
1100,Paid,32.41
1101,Pending,28.019999999999996
1102,Pending,5.85
1103,Pending,23.63
1104,Declined,22.25
1105,Paid,12.75
1106,Declined,58.3
1107,Declined,47.519999999999996
1108,Pending,5.07
1109,Paid,33.480000000000004
1110,Paid,3.29
1111,Declined,32.08
1112,Paid,27.889999999999997
1113,Declined,125.71000000000002
1114,Paid,15.850000000000001
1115,Pending,30.21
1116,Pending,29.35
1117,Pending,7.5
1118,Declined,1.69
1119,Pending,2.95
1120,Pending,45.97
1121,Pending,29.65
1122,Declined,92.45
1123,Paid,28.470000000000002
1124,Paid,264.01
1125,Pending,25.55
1126,Pending,546.9
1127,Pending,77.77
1128,Pending,32.13
1129,Declined,29.980000000000004
1130,Declined,19.0
1131,Declined,42.46000000000001
1132,Declined,55.53
1133,Pending,26.84
1134,Declined,29.44
1135,Paid,85.38
1136,Declined,13.410000000000002
1137,Paid,7.1
1138,Declined,1.63
1139,Declined,54.92
1140,Paid,24.75
1141,Pending,27.960000000000004
1142,Paid,31.480000000000004
1143,Paid,64.53
1144,Pending,86.24
1145,Pending,32.7
1146,Paid,14.219999999999999
1147,Paid,42.58
1148,Pending,22.740000000000002
1149,Declined,46.1
1150,Pending,22.14
1151,Pending,35.970000000000006
1152,Declined,10.05
1153,Pending,23.43
1154,Paid,83.36
1155,Declined,42.82
1156,Pending,1.66
1157,Paid,50.03
1158,Declined,14.850000000000001
1159,Pending,14.29
1160,Declined,26.0
1161,Declined,39.34
1162,Pending,23.88
1163,Pending,2.11
1164,Pending,53.38
1165,Declined,16.15
1166,Paid,1.25
1167,Declined,65.4
1168,Pending,89.58999999999999
1169,Declined,507.42
1170,Paid,2.55
1171,Pending,14.100000000000001
1172,Declined,48.37
1173,Paid,47.63
1174,Paid,11.68
1175,Declined,38.7
1176,Paid,12.9
1177,Declined,27.47
1178,Paid,18.75
1179,Pending,8.85
1180,Paid,41.16
1181,Pending,30.98
1182,Pending,32.1
1183,Declined,3.75
1184,Pending,14.8
1185,Pending,47.4
1186,Declined,58.73
1187,Paid,26.090000000000003
1188,Declined,44.94
1189,Paid,16.25
1190,Pending,38.53
1191,Declined,32.34
1192,Declined,132.72
1193,Paid,68.97
1194,Declined,8.0
1195,Declined,14.649999999999999
1196,Declined,16.549999999999997
1197,Pending,46.35
1198,Declined,51.39
1199,Pending,51.57
1200,Pending,4.95
1201,Pending,26.35
1202,Declined,56.9
1203,Paid,3.3
1204,Paid,28.259999999999998
1205,Pending,104.85
1206,Paid,47.89
1207,Pending,34.79
1208,Pending,47.080000000000005
1209,Paid,57.05
1210,Pending,51.07999999999999
1211,Declined,83.01
1212,Pending,63.07
1213,Paid,85.22999999999999
1214,Declined,28.619999999999997
1215,Declined,39.980000000000004
1216,Paid,55.6
1217,Paid,81.73
1218,Pending,0.84
1219,Declined,91.84
1220,Pending,65.53
1221,Pending,7.25
1222,Pending,19.75
1223,Declined,43.989999999999995
1224,Declined,54.089999999999996
1225,Declined,6.75
1226,Paid,59.7
1227,Declined,54.93000000000001
1228,Declined,13.2
1229,Pending,22.57
1230,Paid,9.04
1231,Pending,1.16
1232,Pending,18.03
1233,Pending,18.76
1234,Declined,2.1
1235,Declined,73.29
1236,Pending,21.659999999999997
1237,Pending,11.25
1238,Declined,15.59
1239,Declined,48.37
1240,Pending,93.77
1241,Paid,33.75
1242,Paid,30.36
1243,Pending,5.21
1244,Paid,167.13
1245,Declined,18.75
1246,Pending,17.7
1247,Declined,14.75
1248,Pending,1.79
1249,Pending,2.95
1250,Declined,85.59
1251,Declined,65.55
1252,Paid,29.62
1253,Paid,10.8
1254,Pending,18.17
1255,Pending,29.689999999999998
1256,Paid,8.26
1257,Pending,62.349999999999994
1258,Declined,81.32
1259,Declined,81.38000000000001
1260,Declined,5.92
1261,Pending,108.56
1262,Pending,110.49000000000001
1263,Declined,155.47
1264,Paid,42.059999999999995
1265,Pending,37.58
1266,Declined,2.95
1267,Paid,63.95
1268,Paid,34.36
1269,Pending,4.95
1270,Declined,204.58999999999997
1271,Declined,5.45
1272,Declined,51.16
1273,Pending,17.9
1274,Paid,28.65
1275,Paid,61.72999999999999
1276,Paid,99.49000000000001
1277,Declined,29.52
1278,Declined,7.9
1279,Paid,69.47
1280,Paid,27.69
1281,Paid,140.91
1282,Declined,47.33
1283,Declined,20.85
1284,Paid,3.3
1285,Pending,19.75
1286,Paid,45.290000000000006
1287,Paid,9.25
1288,Pending,4.2
1289,Paid,8.25
1290,Declined,83.29
1291,Pending,108.21
1292,Paid,7.23
1293,Pending,40.18
1294,Paid,82.0
1295,Paid,23.17
1296,Pending,90.8
1297,Declined,18.529999999999998
1298,Pending,52.589999999999996
1299,Paid,66.4
1300,Declined,49.09
1301,Declined,43.900000000000006
1302,Pending,31.8
1303,Pending,16.55
1304,Pending,29.75
1305,Pending,17.27
1306,Paid,3.3
1307,Declined,31.82
1308,Pending,4.59
1309,Paid,10.34
1310,Pending,19.599999999999998
1311,Paid,9.24
1312,Declined,6.35
1313,Pending,10.37
1314,Pending,30.919999999999998
1315,Pending,36.31
1316,Paid,26.97
1317,Pending,86.47999999999999
1318,Pending,9.2
1319,Pending,44.290000000000006
1320,Paid,8.58
1321,Paid,12.83
1322,Declined,7.529999999999999
1323,Declined,21.25
1324,Pending,1.25
1325,Pending,15.690000000000001
1326,Declined,14.64
1327,Paid,50.970000000000006
1328,Pending,22.009999999999998
1329,Declined,9.19
1330,Declined,38.95
1331,Declined,58.620000000000005
1332,Declined,54.66
1333,Declined,35.6
1334,Pending,69.82000000000001
1335,Declined,8.149999999999999
1336,Declined,50.97
1337,Pending,46.14
1338,Pending,9.87
1339,Pending,14.75
1340,Paid,43.080000000000005
1341,Declined,13.45
1342,Declined,26.67
1343,Pending,68.97999999999999
1344,Pending,121.53999999999999
1345,Paid,52.36
1346,Paid,75.02
1347,Declined,22.42
1348,Pending,69.74
1349,Declined,26.0
1350,Declined,1.26
1351,Pending,6.76
1352,Pending,48.529999999999994
1353,Paid,12.549999999999999
1354,Pending,97.44
1355,Paid,39.62
1356,Pending,8.149999999999999
1357,Pending,4.25
1358,Declined,6.67
1359,Declined,47.3
1360,Paid,23.55
1361,Pending,1.25
1362,Paid,26.61
1363,Paid,23.16
1364,Declined,41.35
1365,Paid,46.9
1366,Declined,2.9
1367,Pending,73.92
1368,Pending,60.14
1369,Declined,14.85
1370,Pending,25.97
1371,Pending,13.05
1372,Declined,43.65
1373,Pending,55.64
1374,Declined,61.59
1375,Declined,105.16
1376,Pending,15.5
1377,Declined,36.72
1378,Pending,87.37
1379,Pending,58.55
1380,Pending,2.43
1381,Paid,9.3
1382,Paid,16.91
1383,Paid,43.85
1384,Declined,11.59
1385,Paid,1.44
1386,Pending,51.2
1387,Paid,1.65
1388,Pending,26.25
1389,Paid,105.06
1390,Paid,91.97999999999999
1391,Declined,27.69
1392,Paid,24.919999999999998
1393,Paid,1.45
1394,Pending,25.66
1395,Pending,18.75
1396,Declined,6.75
1397,Declined,33.18
1398,Paid,12.71
1399,Pending,18.05
1400,Paid,15.0
1401,Pending,71.80000000000001
1402,Paid,24.3
1403,Pending,38.15
1404,Paid,27.85
1405,Declined,42.4
1406,Paid,25.4
1407,Pending,60.339999999999996
1408,Declined,33.96
1409,Paid,109.09
1410,Paid,11.25
1411,Declined,87.67
1412,Pending,64.00999999999999
1413,Pending,439.86999999999995
1414,Pending,16.09
1415,Pending,4.2
1416,Declined,51.45
1417,Pending,26.939999999999998
1418,Declined,9.84
1419,Paid,73.86
1420,Pending,26.24
1421,Pending,47.89999999999999
1422,Paid,35.35
1423,Pending,55.12
1424,Pending,3.3
1425,Declined,5.300000000000001
1426,Pending,4.949999999999999
1427,Paid,9.18
1428,Paid,95.71000000000001
1429,Pending,38.34
1430,Paid,19.83
1431,Paid,13.190000000000001
1432,Paid,36.040000000000006
1433,Pending,172.05
1434,Pending,16.6
1435,Paid,16.75
1436,Paid,41.4
1437,Pending,47.63999999999999
1438,Pending,22120.88
1439,Pending,24.75
1440,Paid,36.02
1441,Pending,0.85
1442,Paid,5.95
1443,Pending,6.35
1444,Paid,22.73
1445,Declined,20.32
1446,Pending,62.620000000000005
1447,Declined,36.99
1448,Paid,62.51
1449,Pending,39.95
1450,Pending,7.85
1451,Paid,64.23
1452,Pending,16.759999999999998
1453,Declined,21.259999999999998
1454,Declined,16.650000000000002
1455,Pending,22.23
1456,Paid,2.95
1457,Pending,135.51
1458,Paid,3.26
1459,Pending,7.5
1460,Pending,3.75
1461,Pending,67.19999999999999
1462,Declined,68.41
1463,Declined,178.96
1464,Declined,12.94
1465,Pending,65.72000000000001
1466,Paid,43.10999999999999
1467,Pending,118.67
1468,Paid,50.29
1469,Paid,27.6
1470,Paid,7.62
1471,Declined,45.91
1472,Paid,38.41
1473,Declined,22.029999999999998
1474,Declined,59.51
1475,Pending,717.8000000000002
1476,Pending,16.23
1477,Declined,9.55
1478,Pending,17.23
1479,Pending,57.0
1480,Declined,128.42999999999998
1481,Declined,6.75
1482,Pending,65.72
1483,Pending,24.35
1484,Pending,25.61
1485,Paid,3.38
1486,Pending,29.99
1487,Pending,15.120000000000001
1488,Paid,124.59
1489,Declined,82.45
1490,Declined,12.629999999999999
1491,Paid,36.51
1492,Pending,79.77
1493,Paid,11.25
1494,Declined,23.07
1495,Declined,42.41
1496,Paid,15.1
1497,Paid,16.84
1498,Paid,36.32
1499,Pending,95.94
1500,Declined,28.58
1501,Paid,48.89000000000001
1502,Pending,37.89
1503,Declined,78.04
1504,Declined,40.1
1505,Declined,45.7
1506,Declined,66.62
1507,Declined,10.9
1508,Declined,28.94
1509,Declined,47.82
1510,Declined,34.39
1511,Paid,29.849999999999998
1512,Pending,21.75
1513,Pending,32.72
1514,Declined,79.06
1515,Pending,22.35
1516,Declined,25.740000000000002
1517,Declined,40.93
1518,Pending,15.8
1519,Pending,44.0
1520,Paid,56.71
1521,Pending,61.339999999999996
1522,Paid,50.69
1523,Paid,41.55
1524,Paid,45.88
1525,Paid,37.47
1526,Declined,27.25
1527,Declined,28.05
1528,Pending,29.349999999999998
1529,Paid,26.549999999999997
1530,Declined,21.369999999999997
1531,Declined,13.76
1532,Pending,48.349999999999994
1533,Declined,79.03999999999999
1534,Pending,36.38
1535,Paid,27.13
1536,Declined,36.519999999999996
1537,Declined,48.04
1538,Paid,34.55
1539,Paid,78.94
1540,Declined,2.5
1541,Paid,85.03999999999999
1542,Pending,80.0
1543,Declined,27.39
1544,Declined,63.61999999999999
1545,Paid,30.65
1546,Paid,25.3
1547,Declined,1.25
1548,Declined,8.42
1549,Declined,34.85
1550,Declined,44.09
1551,Declined,8.9
1552,Declined,59.86
1553,Paid,6.25
1554,Paid,57.95
1555,Paid,26.31
1556,Paid,80.22
1557,Pending,10.100000000000001
1558,Paid,9.19
1559,Pending,23.220000000000002
1560,Declined,16.11
1561,Paid,7.49
1562,Paid,10.2
1563,Paid,19.54
1564,Pending,31.8
1565,Paid,47.61
1566,Pending,80.12
1567,Pending,83.05
1568,Paid,25.25
1569,Declined,15.879999999999999
1570,Pending,31.19
1571,Paid,67.85
1572,Pending,67.9
1573,Pending,10.05
1574,Pending,11.25
1575,Paid,681.1400000000001
1576,Pending,48.83
1577,Paid,40.019999999999996
1578,Pending,2.55
1579,Declined,22.59
1580,Pending,34.29
1581,Declined,21.55
1582,Declined,34.28
1583,Declined,89.63999999999999
1584,Paid,9.999999999999998
1585,Declined,36.94
1586,Pending,52.75
1587,Pending,14.850000000000001
1588,Pending,71.56
1589,Pending,130.3
1590,Declined,50.14
1591,Pending,84.2
1592,Paid,11.5
1593,Pending,48.31
1594,Pending,29.75
1595,Pending,88.15
1596,Paid,47.949999999999996
1597,Paid,21.68
1598,Paid,97.97999999999999
1599,Pending,15.86
1600,Paid,73.89
1601,Paid,12.02
1602,Declined,16.57
1603,Declined,46.2
1604,Declined,52.32
1605,Declined,93.00999999999999
1606,Paid,100.89
1607,Pending,155.25
1608,Declined,40.24
1609,Declined,1.68
1610,Paid,10.9
1611,Paid,61.14
1612,Declined,57.59
1613,Paid,37.95
1614,Declined,61.1
1615,Pending,73.41
1616,Paid,49.64
1617,Declined,22.75
1618,Paid,22.25
1619,Pending,63.25
1620,Pending,28.4
1621,Paid,32.55
1622,Pending,15.05
1623,Declined,12.350000000000001
1624,Declined,20.299999999999997
1625,Declined,15.059999999999999
1626,Pending,31.3
1627,Declined,11.6
1628,Paid,12.54
1629,Declined,8.850000000000001
1630,Paid,127.14
1631,Pending,95.24999999999999
1632,Declined,98.61000000000001
1633,Paid,19.16
1634,Declined,18.53
1635,Declined,17.04
1636,Declined,43.88000000000001
1637,Pending,56.19
1638,Declined,19.64
1639,Pending,55.7
1640,Pending,72.14000000000001
1641,Pending,24.79
1642,Declined,8.5
1643,Declined,50.61
1644,Pending,60.7
1645,Declined,49.099999999999994
1646,Declined,12.34
1647,Declined,46.4
1648,Pending,33.24
1649,Paid,36.98
1650,Pending,30.330000000000002
1651,Pending,48.69
1652,Declined,52.739999999999995
1653,Pending,65.03
1654,Paid,20.02
1655,Paid,36.239999999999995
1656,Paid,7.58
1657,Pending,21.64
1658,Declined,86.88999999999999
1659,Declined,3.4
1660,Declined,33.54
1661,Declined,70.0
1662,Paid,32.53
1663,Pending,1142.74
1664,Declined,72.95
1665,Declined,1.7
1666,Declined,9.24
1667,Paid,36.83
1668,Paid,7.57
1669,Paid,53.480000000000004
1670,Paid,7.049999999999999
1671,Paid,41.69
1672,Paid,9.92
1673,Pending,79.05
1674,Paid,86.68
1675,Paid,20.65
1676,Pending,34.550000000000004
1677,Pending,25.68
1678,Paid,75.87
1679,Pending,58.8
1680,Pending,91.41
1681,Paid,70.31
1682,Pending,6.300000000000001
1683,Pending,10.88
1684,Declined,2.5
1685,Pending,40.339999999999996
1686,Paid,74.75
1687,Pending,67.6
1688,Pending,64.55
1689,Pending,8.4
1690,Pending,34.0
1691,Pending,95.87
1692,Paid,39.72
1693,Paid,30.48
1694,Pending,43.16
1695,Pending,47.32
1696,Declined,67.96000000000001
1697,Paid,20.55
1698,Pending,3.75
1699,Declined,23.89
1700,Paid,24.86
1701,Declined,128.25
1702,Paid,12.409999999999998
1703,Pending,82.69
1704,Paid,8.26
1705,Paid,3.4
1706,Pending,21.419999999999998
1707,Declined,27.68
1708,Pending,53.21000000000001
1709,Declined,59.51
1710,Paid,8.22
1711,Pending,25.81
1712,Paid,41.760000000000005
1713,Paid,146.85
1714,Declined,30.879999999999995
1715,Declined,15.5
1716,Declined,38.6
1717,Pending,44.949999999999996
1718,Paid,68.60000000000001
1719,Paid,226.20000000000002
1720,Paid,2.11
1721,Declined,58.349999999999994
1722,Declined,40.17999999999999
1723,Paid,32.5
1724,Paid,21.05
1725,Paid,34.98
1726,Declined,308.45
1727,Pending,26.560000000000002
1728,Paid,19.509999999999998
1729,Pending,32.379999999999995
1730,Declined,41.510000000000005
1731,Pending,18.27
1732,Declined,14.65
1733,Declined,14.75
1734,Paid,27.43
1735,Pending,1365.8500000000001
1736,Pending,56.03
1737,Pending,80.66
1738,Pending,47.050000000000004
1739,Paid,2.51
1740,Paid,66.44
1741,Paid,40.04
1742,Pending,28.2
1743,Declined,63.21
1744,Declined,61.68
1745,Declined,4.2
1746,Pending,8.45
1747,Declined,41.58
1748,Declined,29.229999999999997
1749,Pending,27.86
1750,Paid,10.12
1751,Paid,8.11
1752,Declined,60.12
1753,Pending,16.05
1754,Pending,2.55
1755,Pending,50.18
1756,Pending,30.21
1757,Declined,110.72999999999999
1758,Declined,16.51
1759,Pending,10.5
1760,Pending,19.32
1761,Declined,6.25
1762,Paid,3.75
1763,Paid,1.65
1764,Paid,10.77
1765,Declined,25.71
1766,Paid,44.699999999999996
1767,Pending,0.65
1768,Paid,10.06
1769,Pending,2.55
1770,Paid,52.39
1771,Pending,32.900000000000006
1772,Paid,44.480000000000004
1773,Paid,42.35
1774,Paid,118.89
1775,Pending,45.75
1776,Paid,67.72
1777,Declined,30.450000000000003
1778,Pending,27.21
1779,Pending,32.940000000000005
1780,Pending,23.12
1781,Paid,5.63
1782,Declined,1.25
1783,Declined,58.48
1784,Pending,19.049999999999997
1785,Declined,74.88
1786,Declined,44.2
1787,Declined,10.48
1788,Paid,847.71
1789,Declined,44.75
1790,Pending,59.540000000000006
1791,Pending,45.26
1792,Declined,7.46
1793,Declined,23.27
1794,Declined,28.2
1795,Paid,1.95
1796,Declined,48.37
1797,Pending,103.77
1798,Pending,34.79
1799,Paid,12.7
1800,Declined,4.0
1801,Pending,50.12
1802,Pending,39.86000000000001
1803,Pending,59.59
1804,Declined,27.2
1805,Paid,12.329999999999997
1806,Declined,13.7
1807,Declined,28.0
1808,Declined,45.97999999999999
1809,Paid,5.0
1810,Declined,28.400000000000002
1811,Paid,16.97
1812,Declined,10.05
1813,Pending,5.01
1814,Paid,50.629999999999995
1815,Declined,39.95
1816,Declined,17.919999999999998
1817,Pending,4.25
1818,Paid,6.63
1819,Declined,88.29
1820,Pending,3.4
1821,Paid,50.81
1822,Paid,8.379999999999999
1823,Pending,16.22
1824,Paid,15.71
1825,Pending,27.11
1826,Paid,38.53
1827,Declined,19.2
1828,Declined,66.69
1829,Declined,9.5
1830,Pending,54.51
1831,Declined,20.349999999999998
1832,Pending,45.53999999999999
1833,Pending,27.330000000000002
1834,Declined,13.0
1835,Paid,23.369999999999997
1836,Declined,1.1
1837,Declined,12.72
1838,Pending,114.94999999999999
1839,Declined,6.6
1840,Declined,1.05
1841,Declined,57.739999999999995
1842,Pending,38.879999999999995
1843,Pending,25.5
1844,Paid,42.95
1845,Paid,13.76
1846,Paid,25.65
1847,Pending,1.05
1848,Paid,51.83
1849,Paid,53.1
1850,Declined,12.799999999999999
1851,Declined,32.7
1852,Pending,44.230000000000004
1853,Pending,781.8500000000001
1854,Paid,24.89
1855,Declined,26.700000000000003
1856,Declined,53.089999999999996
1857,Pending,103.64
1858,Paid,3.21
1859,Declined,28.490000000000002
1860,Pending,3.75
1861,Paid,60.46
1862,Pending,3.17
1863,Pending,29.770000000000003
1864,Paid,38.29
1865,Paid,71.0
1866,Pending,14.139999999999999
1867,Pending,24.25
1868,Pending,45.38
1869,Pending,37.93
1870,Declined,61.24999999999999
1871,Paid,62.7
1872,Paid,10.8
1873,Paid,94.82000000000001
1874,Pending,0.85
1875,Paid,2.9299999999999997
1876,Paid,58.43000000000001
1877,Declined,60.379999999999995
1878,Declined,57.089999999999996
1879,Pending,3.75
1880,Pending,40.120000000000005
1881,Declined,10.2
1882,Paid,35.08
1883,Pending,32.42
1884,Paid,28.029999999999998
1885,Declined,53.93
1886,Pending,28.049999999999997
1887,Pending,8.850000000000001
1888,Pending,56.33
1889,Pending,2.5
1890,Paid,61.55
1891,Pending,23.71
1892,Declined,11.65
1893,Pending,37.13
1894,Pending,89.15
1895,Declined,91.29
1896,Pending,39.19
1897,Declined,68.7
1898,Pending,31.27
1899,Declined,71.83
1900,Paid,47.07
1901,Paid,50.0
1902,Declined,98.48
1903,Paid,22.15
1904,Pending,19.6
1905,Pending,17.549999999999997
1906,Declined,19.35
1907,Paid,65.05
1908,Paid,7.5
1909,Paid,58.78
1910,Pending,14.650000000000002
1911,Pending,0.84
1912,Pending,14.370000000000001
1913,Declined,49.21
1914,Declined,61.94
1915,Paid,60.25
1916,Declined,13.25
1917,Pending,27.4
1918,Pending,7.5
1919,Pending,27.41
1920,Pending,73.75
1921,Declined,18.439999999999998
1922,Paid,21.049999999999997
1923,Pending,21.34
1924,Paid,11.63
1925,Pending,15.12
1926,Pending,21.25
1927,Pending,5.0
1928,Declined,128.25
1929,Paid,23.52
1930,Paid,40.22
1931,Paid,8.149999999999999
1932,Declined,25.729999999999997
1933,Declined,33.96
1934,Paid,74.10999999999999
1935,Declined,29.66
1936,Declined,56.940000000000005
1937,Declined,49.36
1938,Paid,74.85000000000001
1939,Declined,9.51
1940,Declined,19.8
1941,Pending,15.52
1942,Paid,21.05
1943,Paid,91.82
1944,Declined,24.509999999999998
1945,Pending,20.24
1946,Declined,26.75
1947,Paid,67.28
1948,Pending,50.99
1949,Pending,94.44
1950,Declined,43.300000000000004
1951,Declined,36.52
1952,Declined,27.650000000000002
1953,Paid,25.380000000000003
1954,Declined,27.060000000000002
1955,Paid,28.730000000000004
1956,Pending,9.9
1957,Declined,24.08
1958,Declined,22.029999999999998
1959,Paid,48.959999999999994
1960,Declined,91.53999999999999
1961,Pending,10.9
1962,Pending,7.38
1963,Paid,366.86
1964,Declined,33.8
1965,Paid,49.83
1966,Pending,24.69
1967,Paid,7.76
1968,Paid,54.78
1969,Paid,27.71
1970,Declined,21.389999999999997
1971,Pending,13.68
1972,Declined,34.84
1973,Pending,16.45
1974,Paid,18.39
1975,Paid,14.58
1976,Pending,13.75
1977,Declined,19.8
1978,Paid,21.810000000000002
1979,Pending,45.18
1980,Paid,33.949999999999996
1981,Paid,107.00999999999999
1982,Declined,62.910000000000004
1983,Paid,53.199999999999996
1984,Paid,20.01
1985,Pending,23.5
1986,Pending,6.35
1987,Declined,3.61
1988,Pending,34.68
1989,Declined,64.25999999999999
1990,Declined,18.2
1991,Pending,55.06
1992,Paid,11.82
1993,Pending,14.449999999999998
1994,Declined,45.17
1995,Paid,8.850000000000001
1996,Pending,139.8
1997,Pending,14.75
1998,Declined,132.39
1999,Declined,44.67
2000,Declined,17.2
2001,Paid,10.799999999999999
2002,Pending,6.3
2003,Declined,37.379999999999995
2004,Declined,3.25
2005,Paid,52.959999999999994
2006,Pending,12.629999999999999
2007,Pending,43.56999999999999
2008,Paid,21.130000000000003
2009,Declined,72.75
2010,Paid,19.099999999999998
2011,Declined,19.89
2012,Pending,39.0
2013,Pending,26.25
2014,Paid,17.18
2015,Pending,20.6
2016,Pending,8.649999999999999
2017,Declined,156.26
2018,Declined,23.83
2019,Pending,32.480000000000004
2020,Pending,76.93
2021,Pending,16.97
2022,Declined,10.2
2023,Declined,57.6
2024,Declined,76.43
2025,Paid,75.06
2026,Declined,29.88
2027,Paid,52.3
2028,Paid,55.71
2029,Pending,2512.77
2030,Paid,63.14
2031,Paid,18.9
2032,Declined,67.1
2033,Declined,7.51
2034,Paid,1.7
2035,Paid,24.830000000000002
2036,Paid,25.699999999999996
2037,Pending,46.25
2038,Declined,58.39
2039,Paid,23.939999999999998
2040,Paid,134.68999999999997
2041,Pending,69.9
2042,Pending,4.25
2043,Declined,8.34
2044,Paid,3.75
2045,Declined,36.040000000000006
2046,Pending,14.95
2047,Paid,30.64
2048,Pending,10.0
2049,Declined,37.21
2050,Pending,80.54
2051,Declined,6.25
2052,Pending,9.84
2053,Paid,36.150000000000006
2054,Paid,12.51
2055,Declined,47.26
2056,Declined,15.7
2057,Paid,42.35
2058,Declined,4.25
2059,Declined,58.0
2060,Declined,5.0
2061,Pending,12.45
2062,Pending,13.780000000000001
2063,Declined,107.44000000000001
2064,Paid,32.27
2065,Paid,72.11
2066,Pending,68.63
2067,Pending,64.08
2068,Paid,42.9
2069,Paid,101.12
2070,Pending,98.36
2071,Pending,290.7
2072,Declined,40.04
2073,Declined,37.93
2074,Declined,67.30000000000001
2075,Pending,52.379999999999995
2076,Declined,1.26
2077,Declined,152.35
2078,Pending,64.33
2079,Pending,42.82
2080,Declined,43.88
2081,Pending,39.489999999999995
2082,Paid,96.97
2083,Declined,47.79
2084,Paid,20.5
2085,Declined,68.22
2086,Paid,10.0
2087,Paid,67.15
2088,Pending,133.75
2089,Pending,62.39
2090,Paid,29.84
2091,Pending,45.25
2092,Declined,82.94
2093,Pending,49.15
2094,Paid,76.45
2095,Pending,29.75
2096,Paid,11.6
2097,Declined,23.049999999999997
2098,Pending,39.6
2099,Pending,15.1
2100,Declined,1.25
2101,Pending,54.739999999999995
2102,Pending,3.76
2103,Pending,18.65
2104,Pending,61.36000000000001
2105,Pending,49.14
2106,Pending,10.39
2107,Paid,18.88
2108,Declined,19.25
2109,Declined,14.73
2110,Declined,22.58
2111,Paid,64.17
2112,Pending,178.07
2113,Pending,44.7
2114,Paid,36.129999999999995
2115,Pending,21.46
2116,Paid,18.07
2117,Declined,26.57
2118,Declined,69.55
2119,Pending,11.62
2120,Pending,226.89999999999998
2121,Declined,5.9
2122,Declined,90.52000000000001
2123,Declined,31.9
2124,Pending,21.19
2125,Declined,3.95
2126,Pending,60.38
2127,Paid,126.44
2128,Paid,42.949999999999996
2129,Declined,25.95
2130,Paid,12.549999999999999
2131,Pending,14.850000000000001
2132,Pending,9.55
2133,Declined,10.2
2134,Declined,75.0
2135,Pending,32.760000000000005
2136,Paid,21.79
2137,Paid,19.159999999999997
2138,Declined,46.7
2139,Declined,12.649999999999999
2140,Pending,11.25
2141,Pending,26.209999999999997
2142,Pending,31.07
2143,Pending,8.25
2144,Paid,10.679999999999998
2145,Declined,26.15
2146,Declined,3.36
2147,Paid,159.0
2148,Declined,24.17
2149,Declined,0.42
2150,Pending,20.66
2151,Pending,44.85
2152,Paid,45.87
2153,Declined,54.989999999999995
2154,Pending,58.410000000000004
2155,Declined,20.67
2156,Declined,32.370000000000005
2157,Pending,54.44
2158,Pending,11.0
2159,Pending,2.1
2160,Declined,41.42999999999999
2161,Declined,35.15
2162,Pending,18.52
2163,Paid,75.75999999999999
2164,Pending,12.14
2165,Pending,0.42
2166,Paid,21.0
2167,Pending,135.2
2168,Declined,49.379999999999995
2169,Pending,81.0
2170,Paid,11.690000000000001
2171,Pending,114.02
2172,Pending,31.5
2173,Declined,294.59
2174,Declined,69.91
2175,Declined,18.17
2176,Pending,64.25
2177,Pending,33.5
2178,Declined,13.3
2179,Declined,5.9
2180,Declined,10.5
2181,Paid,86.52999999999999
2182,Declined,171.85
2183,Paid,34.260000000000005
2184,Pending,10.5
2185,Paid,11.13
2186,Pending,35.269999999999996
2187,Pending,151.75000000000003
2188,Declined,73.68
2189,Declined,66.64
2190,Pending,48.800000000000004
2191,Declined,68.76
2192,Pending,46.120000000000005
2193,Pending,26.2
2194,Declined,25.82
2195,Declined,39.18
2196,Pending,108.83
2197,Declined,6.24
2198,Paid,86.13999999999999
2199,Pending,17.37
2200,Paid,28.5
2201,Pending,39.12
2202,Pending,4.21
2203,Paid,2.1
2204,Pending,103.92999999999999
2205,Paid,23.46
2206,Declined,159.24
2207,Paid,39.839999999999996
2208,Pending,50.269999999999996
2209,Paid,8.0
2210,Paid,1359.15
2211,Pending,48.779999999999994
2212,Pending,49.0
2213,Pending,21.409999999999997
2214,Declined,109.95
2215,Declined,46.35
2216,Pending,6.67
2217,Pending,8.25
2218,Pending,102.45000000000002
2219,Declined,2.95
2220,Paid,17.85
2221,Paid,61.62
2222,Pending,12.75
2223,Paid,211.35
2224,Declined,39.599999999999994
2225,Declined,37.73
2226,Paid,63.129999999999995
2227,Pending,5.0
2228,Pending,50.49000000000001
2229,Pending,39.63999999999999
2230,Declined,46.68000000000001
2231,Pending,49.78
2232,Paid,19.75
2233,Paid,44.38
2234,Paid,30.6
2235,Pending,377.74999999999994
2236,Paid,6.67
2237,Paid,10.02
2238,Paid,79.08999999999999
2239,Declined,42.9
2240,Pending,9.25
2241,Pending,36.370000000000005
2242,Declined,5.9
2243,Declined,78.8
2244,Declined,29.75
2245,Pending,40.370000000000005
2246,Pending,36.8
2247,Paid,28.05
2248,Pending,50.54
2249,Pending,8.49
2250,Paid,26.900000000000002
2251,Pending,148.39
2252,Paid,23.25
2253,Declined,5.4
2254,Paid,49.300000000000004
2255,Declined,41.150000000000006
2256,Pending,83.72999999999999
2257,Declined,1.44
2258,Pending,92.51
2259,Paid,122.35000000000001
2260,Declined,68.32
2261,Paid,25.5
2262,Pending,56.22
2263,Declined,15.100000000000001
2264,Declined,38.55
2265,Declined,1.26
2266,Paid,32.41
2267,Declined,36.260000000000005
2268,Pending,2.55
2269,Declined,12.69
2270,Declined,6.25
2271,Pending,3.36
2272,Pending,6.95
2273,Pending,112.13
2274,Declined,43.629999999999995
2275,Paid,57.449999999999996
2276,Paid,11.0
2277,Declined,21.889999999999997
2278,Pending,29.65
2279,Paid,29.270000000000003
2280,Paid,130.69
2281,Pending,6.6
2282,Pending,43.199999999999996
2283,Paid,46.49999999999999
2284,Pending,10.45
2285,Declined,13.44
2286,Pending,12.05
2287,Paid,2.55
2288,Paid,31.939999999999998
2289,Declined,28.65
2290,Pending,81.21
2291,Pending,23.81
2292,Declined,57.900000000000006
2293,Declined,29.520000000000003
2294,Pending,50.150000000000006
2295,Pending,123.99
2296,Pending,19.26
2297,Pending,10.809999999999999
2298,Declined,5.9
2299,Pending,78.15
2300,Paid,79.07000000000001
2301,Declined,30.310000000000002
2302,Declined,10.27
2303,Declined,134.82
2304,Paid,37.26
2305,Paid,0.85
2306,Pending,33.0
2307,Paid,53.23
2308,Pending,19.5
2309,Pending,55.05
2310,Pending,84.23
2311,Paid,1.68
2312,Paid,16.64
2313,Pending,20.529999999999998
2314,Paid,6.300000000000001
2315,Paid,21.2
2316,Pending,34.57
2317,Paid,28.84
2318,Paid,31.919999999999998
2319,Paid,22.52
2320,Declined,56.75
2321,Pending,25.529999999999998
2322,Paid,55.459999999999994
2323,Pending,41.86
2324,Paid,6.5
2325,Pending,118.94000000000001
2326,Pending,23.299999999999997
2327,Pending,65.53
2328,Paid,29.65
2329,Pending,3.36
2330,Declined,25.4
2331,Declined,86.25
2332,Paid,27.68
2333,Declined,14.71
2334,Pending,25.53
2335,Declined,25.35
2336,Paid,115.47000000000001
2337,Paid,133.45999999999998
2338,Paid,72.33
2339,Paid,19.740000000000002
2340,Pending,119.1
2341,Pending,56.769999999999996
2342,Paid,31.01
2343,Declined,64.19
2344,Paid,34.42
2345,Declined,8.62
2346,Pending,7.76
2347,Pending,25.44
2348,Paid,28.77
2349,Declined,9.9
2350,Paid,19.97
2351,Paid,95.85
2352,Pending,15.7
2353,Declined,50.37
2354,Paid,30.419999999999995
2355,Pending,57.01
2356,Declined,13.05
2357,Paid,22.61
2358,Pending,29.339999999999996
2359,Declined,58.879999999999995
2360,Paid,48.22999999999999
2361,Declined,19.049999999999997
2362,Pending,34.69
2363,Pending,75.47
2364,Declined,54.06999999999999
2365,Paid,93.49
2366,Paid,35.55
2367,Declined,11.05
2368,Declined,134.52
2369,Paid,51.66
2370,Pending,12.629999999999999
2371,Declined,84.05
2372,Declined,7.45
2373,Declined,12.75
2374,Declined,38.1
2375,Paid,30.48
2376,Pending,45.870000000000005
2377,Pending,22.349999999999998
2378,Declined,35.83
2379,Paid,45.81
2380,Declined,17.060000000000002
2381,Declined,5.85
2382,Declined,96.03
2383,Declined,31.89
2384,Paid,78.24
2385,Paid,40.76
2386,Pending,2.56
2387,Paid,89.15
2388,Paid,5.8
2389,Pending,170.89999999999998
2390,Paid,30.27
2391,Declined,77.21000000000001
2392,Declined,12.75
2393,Paid,58.620000000000005
2394,Paid,63.75
2395,Paid,10.84
2396,Pending,91.19999999999999
2397,Declined,45.65
2398,Declined,79.08000000000001
2399,Declined,210.0
2400,Declined,0.42
2401,Declined,54.8
2402,Declined,58.41
2403,Pending,27.1
2404,Paid,22.87
2405,Paid,39.35
2406,Pending,17.400000000000002
2407,Pending,70.74
2408,Paid,1217.3799999999999
2409,Paid,83.28999999999999
2410,Pending,16.2
2411,Paid,81.72
2412,Pending,22.45
2413,Paid,16.33
2414,Paid,17.8
2415,Pending,38.25
2416,Pending,56.68
2417,Pending,1067.8399999999997
2418,Pending,100.58000000000001
2419,Declined,7.84
2420,Pending,31.5
2421,Paid,23.459999999999997
2422,Pending,60.41
2423,Declined,33.07
2424,Declined,108.6
2425,Paid,45.3
2426,Pending,36.35
2427,Paid,60.64
2428,Declined,0.8699999999999999
2429,Declined,4.2299999999999995
2430,Pending,93.83
2431,Paid,75.60999999999999
2432,Paid,34.21
2433,Paid,18.2
2434,Pending,27.3
2435,Paid,148.46
2436,Paid,62.160000000000004
2437,Pending,8.75
2438,Paid,19.75
2439,Pending,1.95
2440,Declined,43.78
2441,Pending,115.55999999999997
2442,Declined,48.459999999999994
2443,Declined,6.76
2444,Declined,4.35
2445,Pending,25.410000000000004
2446,Declined,29.279999999999998
2447,Declined,51.47
2448,Pending,119.49999999999999
2449,Paid,32.900000000000006
2450,Declined,66.23
2451,Declined,18.8
2452,Declined,11.66
2453,Paid,11.25
2454,Paid,18.229999999999997
2455,Pending,8.5
2456,Pending,9.7
2457,Paid,75.56
2458,Pending,19.12
2459,Declined,49.77
2460,Pending,45.56
2461,Pending,2.1
2462,Paid,44.949999999999996
2463,Pending,27.130000000000003
2464,Paid,8.299999999999999
2465,Declined,3.36
2466,Declined,21.05
2467,Paid,34.15
2468,Pending,14.08
2469,Declined,85.46
2470,Declined,53.59
2471,Pending,3.4
2472,Pending,6.85
2473,Declined,12.0
2474,Pending,94.35
2475,Paid,116.13000000000001
2476,Declined,24.25
2477,Paid,26.5
2478,Declined,107.16000000000001
2479,Paid,6.17
2480,Declined,171.6
2481,Declined,32.34
2482,Paid,15.85
2483,Declined,12.95
2484,Pending,4.949999999999999
2485,Pending,62.97
2486,Paid,30.810000000000002
2487,Declined,53.66
2488,Declined,21.85
2489,Paid,24.150000000000002
2490,Pending,56.45
2491,Declined,34.94
2492,Pending,2.55
2493,Paid,18.07
2494,Paid,56.92999999999999
2495,Pending,9.82
2496,Declined,76.87
2497,Declined,164.42
2498,Pending,89.8
2499,Declined,75.81
2500,Pending,46.68
2501,Paid,33.699999999999996
2502,Declined,9.049999999999999
2503,Declined,55.92
2504,Paid,30.200000000000003
2505,Paid,32.54
2506,Declined,301.53999999999996
2507,Declined,4.63
2508,Pending,51.29
2509,Pending,49.849999999999994
2510,Pending,25.48
2511,Pending,57.59
2512,Pending,49.89
2513,Pending,22.98
2514,Paid,849.8
2515,Paid,63.46
2516,Paid,57.34
2517,Pending,11.65
2518,Pending,18.75
2519,Paid,176.63000000000002
2520,Pending,4.25
2521,Pending,29.86
2522,Declined,8.32
2523,Paid,83.53999999999999
2524,Declined,37.46
2525,Paid,28.39
2526,Paid,90.52
2527,Paid,161.42000000000002
2528,Paid,33.0
2529,Declined,0.0
2530,Pending,76.11000000000001
2531,Pending,5.1
2532,Paid,15.45
2533,Pending,56.63
2534,Paid,23.07
2535,Declined,23.35
2536,Pending,4.21
2537,Declined,2.95
2538,Paid,78.71
2539,Pending,11.489999999999998
2540,Declined,31.490000000000002
2541,Declined,94.81
2542,Declined,3.37
2543,Declined,24.54
2544,Pending,0.85
2545,Pending,4.07
2546,Pending,30.8
2547,Paid,65.80000000000001
2548,Pending,17.85
2549,Paid,41.9
2550,Pending,4.9799999999999995
2551,Declined,23.9
2552,Paid,9.25
2553,Declined,20.419999999999995
2554,Pending,49.75
2555,Declined,16.53
2556,Paid,6.609999999999999
2557,Paid,1.58
2558,Pending,33.45
2559,Paid,313.78
2560,Paid,95.25
2561,Pending,19.380000000000003
2562,Paid,18.95
2563,Paid,14.31
2564,Declined,18.83
2565,Paid,18.75
2566,Paid,42.78
2567,Paid,65.25
2568,Pending,31.9
2569,Declined,11.9
2570,Paid,4.35
2571,Paid,62.63
2572,Declined,38.2
2573,Paid,46.37
2574,Pending,87.85
2575,Declined,4.25
2576,Paid,33.64
2577,Declined,44.08
2578,Pending,9.280000000000001
2579,Pending,3.4
2580,Pending,65.77
2581,Paid,57.21
2582,Pending,88.57000000000001
2583,Pending,96.6
2584,Paid,82.69999999999999
2585,Declined,17.409999999999997
2586,Declined,1.95
2587,Pending,12.51
2588,Paid,65.17
2589,Paid,41.59
2590,Declined,35.11
2591,Paid,81.85000000000001
2592,Declined,3.9
2593,Declined,47.099999999999994
2594,Paid,2.55
2595,Paid,24.580000000000002
2596,Pending,39.0
2597,Pending,25.05
2598,Pending,40.64
2599,Paid,86.24
2600,Pending,22.35
2601,Paid,24.02
2602,Declined,50.690000000000005
2603,Declined,80.41
2604,Declined,1.66
2605,Pending,24.049999999999997
2606,Pending,8.27
2607,Pending,21.700000000000003
2608,Declined,8.42
2609,Declined,29.259999999999998
2610,Paid,14.940000000000001
2611,Pending,10.15
2612,Pending,78.14999999999999
2613,Declined,26.74
2614,Declined,5.0
2615,Declined,31.269999999999996
2616,Declined,32.92
2617,Declined,59.92
2618,Paid,36.67
2619,Pending,29.28
2620,Paid,16.52
2621,Declined,49.010000000000005
2622,Declined,20.41
2623,Paid,5.9
2624,Declined,49.779999999999994
2625,Pending,24.4
2626,Declined,90.35000000000001
2627,Declined,12.39
2628,Pending,34.260000000000005
2629,Paid,53.35
2630,Paid,42.059999999999995
2631,Paid,41.519999999999996
2632,Declined,34.93
2633,Paid,7.3
2634,Paid,37.37
2635,Pending,72.17
2636,Declined,28.7
2637,Declined,37.1
2638,Paid,13.61
2639,Declined,5.550000000000001
2640,Paid,62.959999999999994
2641,Paid,16.029999999999998
2642,Declined,27.049999999999997
2643,Declined,38.0
2644,Paid,15.18
2645,Paid,9.6
2646,Declined,99.7
2647,Paid,27.37
2648,Pending,1.65
2649,Paid,89.8
2650,Paid,22.35
2651,Declined,15.5
2652,Paid,18.06
2653,Paid,38.599999999999994
2654,Pending,7.25
2655,Pending,52.34
2656,Paid,76.94999999999999
2657,Paid,26.33
2658,Pending,78.62
2659,Pending,26.75
2660,Declined,19.2
2661,Pending,94.08000000000001
2662,Declined,42.419999999999995
2663,Paid,78.21
2664,Declined,29.47
2665,Pending,36.88
2666,Paid,27.0
2667,Paid,36.49
2668,Pending,14.75
2669,Declined,4.35
2670,Pending,14.35
2671,Paid,35.84
2672,Paid,19.34
2673,Paid,3.4
2674,Pending,31.21
2675,Pending,14.229999999999999
2676,Declined,90.11
2677,Declined,44.28
2678,Declined,3.24
2679,Declined,37.35
2680,Pending,9.75
2681,Declined,73.73
2682,Pending,64.64
2683,Declined,101.36
2684,Pending,18.09
2685,Paid,29.63
2686,Pending,11.68
2687,Declined,37.7
2688,Declined,4.89
2689,Declined,32.29
2690,Pending,17.490000000000002
2691,Pending,3.3
2692,Declined,69.75
2693,Pending,29.57
2694,Declined,26.5
2695,Paid,12.629999999999999
2696,Paid,19.619999999999997
2697,Pending,48.27
2698,Declined,16.41
2699,Pending,60.8
2700,Declined,20.06
2701,Paid,34.0
2702,Pending,38.19
2703,Declined,10.9
2704,Paid,48.910000000000004
2705,Paid,9.49
2706,Declined,63.87
2707,Declined,67.65
2708,Paid,32.07
2709,Pending,43.68
2710,Paid,9.65
2711,Pending,9.95
2712,Pending,7.11
2713,Declined,9.52
2714,Declined,79.24999999999999
2715,Paid,67.74000000000001
2716,Paid,4.25
2717,Pending,91.82
2718,Paid,17.27
2719,Pending,23.959999999999997
2720,Pending,41.25
2721,Pending,40.239999999999995
2722,Declined,50.29
2723,Declined,98.99
2724,Paid,28.599999999999998
2725,Paid,13.399999999999999
2726,Paid,102.98
2727,Declined,50.35
2728,Pending,24.549999999999997
2729,Declined,54.96
2730,Pending,28.61
2731,Paid,1.66
2732,Pending,27.05
2733,Paid,47.599999999999994
2734,Paid,13.05
2735,Declined,12.170000000000002
2736,Declined,13.520000000000001
2737,Declined,66.31
2738,Pending,50.57000000000001
2739,Paid,79.57000000000001
2740,Declined,19.9
2741,Declined,12.61
2742,Declined,47.33
2743,Paid,33.95
2744,Pending,87.81
2745,Declined,48.04
2746,Paid,15.7
2747,Paid,71.95
2748,Declined,58.83
2749,Paid,3.75
2750,Paid,100.1
2751,Paid,23.93
2752,Paid,13.15
2753,Declined,18.41
2754,Pending,19.35
2755,Paid,1.6500000000000001
2756,Pending,52.16
2757,Paid,22.05
2758,Pending,14.35
2759,Paid,102.80999999999999
2760,Declined,37.38
2761,Declined,40.6
2762,Pending,8.850000000000001
2763,Paid,22.58
2764,Paid,18.450000000000003
2765,Pending,7.87
2766,Paid,56.099999999999994
2767,Declined,6.25
2768,Paid,55.76
2769,Paid,107.24000000000001
2770,Paid,35.25
2771,Paid,12.75
2772,Declined,61.379999999999995
2773,Pending,49.47
2774,Declined,36.03
2775,Paid,0.0
2776,Paid,39.0
2777,Declined,38.66
2778,Pending,48.4
2779,Declined,8.4
2780,Paid,11.8
2781,Paid,26.8
2782,Paid,14.08
2783,Declined,45.58
2784,Declined,35.550000000000004
2785,Declined,2.9
2786,Pending,9.2
2787,Pending,20.05
2788,Pending,81.16999999999999
2789,Paid,5.9
2790,Paid,25.150000000000002
2791,Paid,16.7
2792,Declined,2.95
2793,Pending,28.03
2794,Paid,294.72999999999996
2795,Paid,90.97999999999999
2796,Paid,136.05
2797,Declined,73.26
2798,Paid,24.0
2799,Paid,29.150000000000002
